{
    "A": [{
            "id": "1",
            "name": "Ad Tech",
            "login": "",
            "url": "https://www.gartner.com/en/documents/3957307",
            "passsword": ""
        },
        {
            "id": "1",
            "name": "Access Management Worldwide",
            "login": "",
            "url": "https://www.gartner.com/doc/code/433910",
            "passsword": ""
        },
        {
            "id": "1",
            "name": "Access Management",
            "login": "",
            "url": "https://www.gartner.com/doc/code/373675",
            "passsword": ""
        },
        {
            "id": "1",
            "name": "Application Performance Monitoring",
            "login": "",
            "url": "https://www.gartner.com/doc/code/466308",
            "passsword": ""
        },
        {
            "id": "1",
            "name": "Application Release Orchestration",
            "login": "",
            "url": "https://www.gartner.com/doc/code/373921",
            "passsword": ""
        },
        {
            "id": "1",
            "name": "Application Security Testing",
            "login": "",
            "url": "https://www.gartner.com/doc/code/394281",
            "passsword": ""
        },
        {
            "id": "1",
            "name": "Application Testing Services Worldwide",
            "login": "",
            "url": "https://www.gartner.com/doc/code/379884",
            "passsword": ""
        }
    ],
    "B": [{
            "id": "1",
            "name": "Business Analytics Services Worldwide",
            "login": "",
            "passsword": "",
            "url": "https://www.gartner.com/doc/code/386719"
        },
        {
            "id": "1",
            "name": "Business Continuity Management Planning",
            "login": "",
            "passsword": "",
            "url": "https://www.gartner.com/doc/code/385436"
        },
        {
            "id": "1",
            "name": "Business Intelligence and Analytics Platforms",
            "login": "",
            "url": "https://www.gartner.com/doc/code/407174",
            "passsword": ""
        }
    ],
    "C": [{
            "id": "1",
            "name": "Cloud AI Developer Services",
            "login": "",
            "passsword": "",
            "url": "https://www.gartner.com/doc/code/431332"
        },
        {
            "id": "1",
            "name": "Cloud Access Security Brokers",
            "login": "",
            "passsword": "",
            "url": "https://www.gartner.com/doc/code/377508"
        },
        {
            "id": "1",
            "name": "Cloud Core Financial Management Suites for Midsize Large and Global Enterprises",
            "login": "",
            "passsword": "",
            "url": "https://www.gartner.com/doc/code/366260"
        },
        {
            "id": "1",
            "name": "Cloud Database Management Systems",
            "login": "",
            "passsword": "",
            "url": ""
        },
        {
            "id": "1",
            "name": "Cloud ERP for Product-Centric Midsize Enterprises",
            "login": "",
            "passsword": "",
            "url": "https://www.gartner.com/doc/code/352582"
        },
        {
            "id": "1",
            "name": "Cloud Financial Close Solutions",
            "login": "",
            "passsword": "",
            "url": "https://www.gartner.com/doc/code/370021"
        },
        {
            "id": "1",
            "name": "Cloud Financial Planning and Analysis Solutions",
            "login": "",
            "url": "https://www.gartner.com/doc/code/386508",
            "passsword": ""
        },
        {
            "id": "1",
            "name": "Cloud HCM Suites for Midmarket and Large Enterprises",
            "login": "",
            "passsword": "",
            "url": "https://www.gartner.com/doc/code/373032"
        },
        {
            "id": "1",
            "name": "Cloud Infrastructure as a Service Japan",
            "login": "",
            "passsword": "",
            "url": "https://www.gartner.com/doc/code/375539"
        },
        {
            "id": "1",
            "name": "Cloud Infrastructure as a Service Worldwide",
            "login": "",
            "url": "https://www.gartner.com/doc/code/365830",
            "passsword": ""
        },
        {
            "id": "1",
            "name": "Cloud Management Platforms",
            "login": "",
            "url": "https://www.gartner.com/doc/code/383287",
            "passsword": ""
        },
        {
            "id": "1",
            "name": "Configure Price Quote Application Suites",
            "login": "",
            "passsword": "",
            "url": "https://www.gartner.com/doc/code/377956"
        },
        {
            "id": "1",
            "name": "Contact Center as a Service, Western Europe",
            "login": "",
            "url": "https://www.gartner.com/doc/code/376615",
            "passsword": ""
        },
        {
            "id": "1",
            "name": "Contact Center as a Service North America",
            "login": "",
            "passsword": "",
            "url": "https://www.gartner.com/doc/code/376616"
        },
        {
            "id": "1",
            "name": "Contact Center Infrastructure Worldwide",
            "login": "",
            "url": "https://www.gartner.com/doc/code/309857",
            "passsword": ""
        },
        {
            "id": "1",
            "name": "Content Collaboration Platforms",
            "login": "",
            "url": "https://www.gartner.com/doc/code/342564",
            "passsword": ""
        },
        {
            "id": "1",
            "name": "Content Marketing Platforms",
            "login": "",
            "url": "https://www.gartner.com/doc/code/390193",
            "passsword": ""
        },
        {
            "id": "1",
            "name": "Content Services Platforms",
            "login": "",
            "url": "https://www.gartner.com/doc/code/377256",
            "passsword": ""
        },
        {
            "id": "1",
            "name": "Contract Life Cycle Management",
            "login": "",
            "passsword": "",
            "url": "https://www.gartner.com/doc/code/447950"
        },
        {
            "id": "1",
            "name": "CRM and Customer Experience Implementation Service Providers",
            "login": "",
            "passsword": "",
            "url": "https://www.gartner.com/doc/code/323755"
        },
        {
            "id": "1",
            "name": "CRM and Customer Experience Implementation Services Worldwide",
            "login": "",
            "passsword": "",
            "url": "https://www.gartner.com/doc/code/386413"
        },
        {
            "id": "1",
            "name": "CRM Customer Engagement Center",
            "login": "",
            "passsword": "",
            "url": "https://www.gartner.com/doc/code/364813"
        },
        {
            "id": "1",
            "name": "CRM Lead Management",
            "login": "",
            "url": "https://www.gartner.com/doc/code/374025",
            "passsword": ""
        }
    ],
    "D": [{
            "id": "1",
            "name": "Data Center Backup and Recovery Solutions",
            "login": "",
            "url": "https://www.gartner.com/doc/code/380806",
            "passsword": ""
        },
        {
            "id": "1",
            "name": "Data Center Networking",
            "login": "",
            "url": "https://www.gartner.com/doc/code/368926",
            "passsword": ""
        },
        {
            "id": "1",
            "name": "Data Center Outsourcing and Hybrid Infrastructure Managed Services, Asia/Pacific",
            "login": "",
            "passsword": "",
            "url": "https://www.gartner.com/doc/code/368782"
        },
        {
            "id": "1",
            "name": "Data Center Outsourcing and Hybrid Infrastructure Managed Services, Europe",
            "login": "",
            "passsword": "",
            "url": "https://www.gartner.com/doc/code/367508"
        },
        {
            "id": "1",
            "name": "Data Center Outsourcing and Hybrid Infrastructure Managed Services, North America",
            "login": "",
            "url": "https://www.gartner.com/doc/code/378824",
            "passsword": ""
        },
        {
            "id": "1",
            "name": "Data Center Outsourcing and Infrastructure Utility Services Asia/Pacific",
            "login": "",
            "passsword": "",
            "url": "https://www.gartner.com/doc/code/292087"
        },
        {
            "id": "1",
            "name": "Data Center Outsourcing and Infrastructure Utility Services Europe",
            "login": "",
            "passsword": "",
            "url": "https://www.gartner.com/doc/code/313346"
        },
        {
            "id": "1",
            "name": "Data Center Outsourcing and Infrastructure Utility Services North America",
            "login": "",
            "passsword": "",
            "url": "https://www.gartner.com/doc/code/313892"
        },
        {
            "id": "1",
            "name": "Data Integration Tools",
            "login": "",
            "passsword": "",
            "url": "https://www.gartner.com/doc/code/369547"
        },
        {
            "id": "1",
            "name": "Data Management Solutions for Analytics",
            "login": "",
            "passsword": "",
            "url": "https://www.gartner.com/doc/code/353775"
        },
        {
            "id": "1",
            "name": "Data Quality Tools",
            "login": "",
            "passsword": "",
            "url": "https://www.gartner.com/doc/code/363493"
        },
        {
            "id": "1",
            "name": "Data Science & Machine Learning Platforms",
            "login": "",
            "passsword": "",
            "url": "https://www.gartner.com/doc/code/385005"
        },
        {
            "id": "1",
            "name": "Digital Banking Platforms",
            "login": "",
            "passsword": "",
            "url": ""
        },
        {
            "id": "1",
            "name": "Digital Commerce",
            "login": "",
            "passsword": "",
            "url": "https://www.gartner.com/doc/code/398174"
        },
        {
            "id": "1",
            "name": "Digital Experience Platforms",
            "login": "",
            "passsword": "",
            "url": "https://www.gartner.com/doc/code/386613"
        },
        {
            "id": "1",
            "name": "Digital Marketing Agencies, Worldwide",
            "login": "",
            "passsword": "",
            "url": "https://www.gartner.com/doc/code/389106"
        },
        {
            "id": "1",
            "name": "Digital Marketing Hubs",
            "login": "",
            "passsword": "",
            "url": "https://www.gartner.com/doc/code/299410"
        },
        {
            "id": "1",
            "name": "Distributed File Systems and Object Storage",
            "login": "",
            "passsword": "",
            "url": "https://www.gartner.com/doc/code/376728"
        },
        {
            "id": "1",
            "name": "Disaster Recovery as a Service",
            "login": "",
            "passsword": "https://www.gartner.com/doc/code/336410",
            "url": ""
        },
        {
            "id": "1",
            "name": "Disaster Recovery Service Providers",
            "login": "",
            "passsword": "",
            "url": "https://www.gartner.com/doc/code/368715"
        }
    ],
    "E": [{
            "id": "1",
            "name": "Endpoint Protection Platforms",
            "login": "",
            "passsword": "",
            "url": "https://www.gartner.com/doc/code/352135"
        },
        {
            "id": "1",
            "name": "Enterprise Agile Planning Tools",
            "login": "",
            "passsword": "",
            "url": "https://www.gartner.com/doc/code/394014"
        },
        {
            "id": "1",
            "name": "Enterprise Architecture Tools",
            "login": "",
            "passsword": "",
            "url": "https://www.gartner.com/doc/code/377137"
        },
        {
            "id": "1",
            "name": "Enterprise Asset Management Software",
            "login": "",
            "passsword": "",
            "url": "https://www.gartner.com/doc/code/376117"
        },
        {
            "id": "1",
            "name": "Enterprise High-Productivity Application Platform as a Service, Worldwide",
            "login": "",
            "passsword": "",
            "url": "https://www.gartner.com/doc/code/361584"
        },
        {
            "id": "1",
            "name": "Enterprise Industrial IoT Platforms",
            "login": "",
            "passsword": "",
            "url": "https://www.gartner.com/doc/code/363999"
        },
        {
            "id": "1",
            "name": "Enterprise Information Archiving",
            "login": "",
            "passsword": "",
            "url": "https://www.gartner.com/doc/code/381129"
        },
        {
            "id": "1",
            "name": "Enterprise Integration Platform as a Service, Worldwide",
            "login": "",
            "passsword": "",
            "url": "https://www.gartner.com/doc/code/360472"
        },
        {
            "id": "1",
            "name": "Enterprise Network Firewalls",
            "login": "",
            "passsword": "",
            "url": "https://www.gartner.com/doc/code/375686"
        },
        {
            "id": "1",
            "name": "Enterprise Video Content Management",
            "login": "",
            "passsword": "",
            "url": "https://www.gartner.com/doc/code/296408"
        },
        {
            "id": "1",
            "name": "European Life Insurance Policy Administration Systems",
            "login": "",
            "passsword": "",
            "url": "https://www.gartner.com/doc/code/376639"
        }
    ],
    "F": [{
            "id": "1",
            "name": "Field Service Management",
            "login": "",
            "passsword": "https://www.gartner.com/doc/code/343550",
            "url": ""
        },
        {
            "id": "1",
            "name": "Full Life Cycle API Management",
            "login": "",
            "passsword": "",
            "url": "https://www.gartner.com/doc/code/362155"
        }
    ],
    "G": [{
            "id": "1",
            "name": "General-Purpose Disk Arrays",
            "login": "",
            "passsword": "",
            "url": "https://www.gartner.com/doc/code/319539"
        },
        {
            "id": "1",
            "name": "General-Purpose High-End Storage Arrays",
            "login": "",
            "passsword": "",
            "url": "https://www.gartner.com/doc/code/321059"
        },
        {
            "id": "1",
            "name": "General-Purpose Midrange Storage Arrays",
            "login": "",
            "passsword": "",
            "url": "https://www.gartner.com/doc/code/321060"
        },
        {
            "id": "1",
            "name": "Global Retail Core Banking",
            "login": "",
            "passsword": "",
            "url": "https://www.gartner.com/doc/code/372739"
        }
    ],
    "H": [{
        "id": "1",
        "name": "Hyperconverged Infrastructure",
        "login": "",
        "passsword": "",
        "url": "https://www.gartner.com/doc/code/380299"
    }],
    "I": [{
            "id": "1",
            "name": "Identity Governance and Administration",
            "login": "",
            "passsword": "",
            "url": "https://www.gartner.com/doc/code/354412"
        },
        {
            "id": "1",
            "name": "Indoor Location Services, Global",
            "login": "",
            "passsword": "",
            "url": "https://www.gartner.com/doc/code/385050"
        },
        {
            "id": "1",
            "name": "Infrastructure and Operations Business Value Dashboard Tools",
            "login": "",
            "passsword": "",
            "url": ""
        },
        {
            "id": "1",
            "name": "Insight Engines",
            "login": "",
            "passsword": "",
            "url": "https://www.gartner.com/doc/code/368896"
        },
        {
            "id": "1",
            "name": "Integrated IT Portfolio Analysis Applications",
            "login": "",
            "passsword": "",
            "url": "https://www.gartner.com/doc/code/380438"
        },
        {
            "id": "1",
            "name": "Integrated Revenue and Customer Management for CSPs",
            "login": "",
            "passsword": "",
            "url": "https://www.gartner.com/doc/code/345640"
        },
        {
            "id": "1",
            "name": "Integrated Risk Management Solutions",
            "login": "",
            "passsword": "",
            "url": "https://www.gartner.com/doc/code/369371"
        },
        {
            "id": "1",
            "name": "Intelligent Business Process Management Suites",
            "login": "",
            "passsword": "",
            "url": "https://www.gartner.com/doc/code/345694"
        },
        {
            "id": "1",
            "name": "Intrusion Detection and Prevention Systems",
            "login": "",
            "passsword": "",
            "url": "https://www.gartner.com/doc/code/295470"
        },
        {
            "id": "1",
            "name": "IT Risk Management Solutions",
            "login": "",
            "passsword": "",
            "url": "https://www.gartner.com/doc/code/368239"
        },
        {
            "id": "1",
            "name": "IT Service Management Tools",
            "login": "",
            "passsword": "",
            "url": "https://www.gartner.com/doc/code/373247"
        },
        {
            "id": "1",
            "name": "IT Services for Communications Service Providers Worldwide",
            "login": "",
            "passsword": "",
            "url": "https://www.gartner.com/doc/code/373109"
        },
        {
            "id": "1",
            "name": "IT Services for CSP Digital Business Transformation, Worldwide",
            "login": "",
            "passsword": "https://www.gartner.com/doc/code/373108",
            "url": ""
        },
        {
            "id": "1",
            "name": "IT Vendor Risk Management Tools",
            "login": "",
            "passsword": "",
            "url": "https://www.gartner.com/doc/code/391415"
        }
    ],
    "L": [{
            "id": "1",
            "name": "Life Insurance Policy Administration Systems North America",
            "login": "",
            "passsword": "",
            "url": "https://www.gartner.com/doc/code/373923"
        },
        {
            "id": "1",
            "name": "Low-Code Application Platforms",
            "login": "",
            "passsword": "",
            "url": "https://www.gartner.com/doc/code/386801"
        },
        {
            "id": "1",
            "name": "LTE Network Infrastructure",
            "login": "",
            "passsword": "",
            "url": "https://www.gartner.com/doc/code/370264"
        }
    ],
    "M": [{
            "id": "1",
            "name": "Managed Hybrid Cloud Hosting, Asia/Pac",
            "login": "",
            "passsword": "",
            "url": "https://www.gartner.com/doc/code/343808"
        },
        {
            "id": "1",
            "name": "Managed IoT Connectivity Services, Worldwide",
            "login": "",
            "passsword": "",
            "url": "https://www.gartner.com/doc/code/381142"
        },
        {
            "id": "1",
            "name": "Managed Machine-to-Machine Services, Global",
            "login": "",
            "passsword": "",
            "url": "https://www.gartner.com/doc/code/348379"
        },
        {
            "id": "1",
            "name": "Managed Mobility Services Worldwide",
            "login": "",
            "passsword": "",
            "url": "https://www.gartner.com/doc/code/319305"
        },
        {
            "id": "1",
            "name": "Managed Mobility Services Global",
            "login": "",
            "passsword": "",
            "url": "https://www.gartner.com/doc/code/389577"
        },
        {
            "id": "1",
            "name": "Managed Security Services Worldwide",
            "login": "",
            "passsword": "",
            "url": "https://www.gartner.com/doc/code/354867"
        },
        {
            "id": "1",
            "name": "Managed Workplace Services, Asia/Pacific",
            "login": "",
            "passsword": "",
            "url": "https://www.gartner.com/doc/code/383836"
        },
        {
            "id": "1",
            "name": "Managed Workplace Services, Europe",
            "login": "",
            "passsword": "",
            "url": "https://www.gartner.com/doc/code/316141"
        },
        {
            "id": "1",
            "name": "Managed Workplace Services, North America",
            "login": "",
            "passsword": "",
            "url": "https://www.gartner.com/doc/code/383840"
        },
        {
            "id": "1",
            "name": "Managed Workplace Services North America",
            "login": "",
            "passsword": "",
            "url": "https://www.gartner.com/doc/code/389255"
        },
        {
            "id": "1",
            "name": "Manufacturing Execution Systems (MES)",
            "login": "",
            "passsword": "",
            "url": "https://www.gartner.com/doc/code/377984"
        },
        {
            "id": "1",
            "name": "Master Data Management Solutions",
            "login": "",
            "passsword": "",
            "url": "https://www.gartner.com/doc/code/382085"
        },
        {
            "id": "1",
            "name": "Meeting Solutions",
            "login": "",
            "passsword": "",
            "url": "https://www.gartner.com/doc/code/354093"
        },
        {
            "id": "1",
            "name": "Metadata Management Solutions",
            "login": "",
            "passsword": "",
            "url": "https://www.gartner.com/doc/code/372820"
        },
        {
            "id": "1",
            "name": "Meter Data Management Products",
            "login": "",
            "passsword": "",
            "url": "https://www.gartner.com/doc/code/350702"
        },
        {
            "id": "1",
            "name": "Mobile App Development Platforms",
            "login": "",
            "passsword": "",
            "url": "https://www.gartner.com/doc/code/311515"
        },
        {
            "id": "1",
            "name": "Mobile Marketing Platforms",
            "login": "",
            "passsword": "",
            "url": "https://www.gartner.com/doc/code/369059"
        },
        {
            "id": "1",
            "name": "Multichannel Campaign Management",
            "login": "",
            "passsword": "",
            "url": "https://www.gartner.com/doc/code/307776"
        },
        {
            "id": "1",
            "name": "Multichannel Marketing Hubs",
            "login": "",
            "passsword": "",
            "url": "https://www.gartner.com/doc/code/394355"
        },
        {
            "id": "1",
            "name": "Multiexperience Development Platforms",
            "login": "",
            "passsword": "",
            "url": "https://www.gartner.com/doc/code/369397"
        },
        {
            "id": "1",
            "name": "Multienterprise Supply Chain Business Networks",
            "login": "",
            "passsword": "",
            "url": "https://www.gartner.com/doc/code/379048"
        },
        {
            "id": "1",
            "name": "Vertical Industry Context: Multienterprise Supply Chain Business Networks",
            "login": "",
            "passsword": "",
            "url": "https://www.gartner.com/doc/code/464463"
        },
        {
            "id": "1",
            "name": "Business Process Context: Multienterprise Supply Chain Business Networks",
            "login": "",
            "passsword": "",
            "url": "https://www.gartner.com/doc/code/464464"
        }
    ],
    "N": [{
            "id": "1",
            "name": "Network Performance Monitoring and Diagnostics",
            "login": "",
            "passsword": "",
            "url": "https://www.gartner.com/doc/code/354366"
        },
        {
            "id": "1",
            "name": "Network Services Asia/Pacific",
            "login": "",
            "passsword": "",
            "url": "https://www.gartner.com/doc/code/347848"
        },
        {
            "id": "1",
            "name": "Network Services Global",
            "login": "",
            "passsword": "",
            "url": "https://www.gartner.com/doc/code/387817"
        },
        {
            "id": "1",
            "name": "Network Services Pan-European",
            "login": "",
            "passsword": "",
            "url": "https://www.gartner.com/doc/code/328189"
        },
        {
            "id": "1",
            "name": "Non-Life Insurance Platforms, Europe",
            "login": "",
            "passsword": "",
            "url": "https://www.gartner.com/doc/code/380148"
        }
    ],
    "O": [{
            "id": "1",
            "name": "Object Storage",
            "login": "",
            "passsword": "",
            "url": "https://www.gartner.com/doc/code/385247"
        },
        {
            "id": "1",
            "name": "Operational Database Management Systems",
            "login": "",
            "passsword": "",
            "url": "https://www.gartner.com/doc/code/376881"
        },
        {
            "id": "1",
            "name": "Operations Support Systems",
            "login": "",
            "passsword": "",
            "url": "https://www.gartner.com/doc/code/350915"
        },
        {
            "id": "1",
            "name": "Oracle Cloud Application Services, Worldwide",
            "login": "",
            "passsword": "",
            "url": "https://www.gartner.com/doc/code/403362"
        }
    ],
    "P": [{
            "id": "1",
            "name": "P&C Core Platforms North America",
            "login": "",
            "passsword": "",
            "url": "https://www.gartner.com/doc/code/376112"
        },
        {
            "id": "1",
            "name": "Personalization",
            "login": "",
            "passsword": "",
            "url": "https://www.gartner.com/doc/code/369981"
        },
        {
            "id": "1",
            "name": "Primary Storage Arrays",
            "login": "",
            "passsword": "",
            "url": "https://www.gartner.com/doc/code/394522"
        },
        {
            "id": "1",
            "name": "Privileged Access Management",
            "login": "",
            "passsword": "",
            "url": "https://www.gartner.com/doc/code/356017"
        },
        {
            "id": "1",
            "name": "Procure-to-Pay Suites",
            "login": "",
            "passsword": "",
            "url": "https://www.gartner.com/doc/code/382721"
        },
        {
            "id": "1",
            "name": "Project and Portfolio Management",
            "login": "",
            "passsword": "",
            "url": "https://www.gartner.com/doc/code/373387"
        },
        {
            "id": "1",
            "name": "Public Cloud Infrastructure as a Service Worldwide",
            "login": "",
            "passsword": "",
            "url": "https://www.gartner.com/doc/code/365961"
        },
        {
            "id": "1",
            "name": "Public Cloud Infrastructure Managed Service Providers Worldwide",
            "login": "",
            "passsword": "",
            "url": "https://www.gartner.com/doc/code/327438"
        },
        {
            "id": "1",
            "name": "Public Cloud Infrastructure Professional and Managed Services, Worldwide",
            "login": "",
            "passsword": "",
            "url": "https://www.gartner.com/doc/code/387916"
        },
        {
            "id": "1",
            "name": "Public Cloud Storage Services Worldwide",
            "login": "",
            "passsword": "",
            "url": "https://www.gartner.com/doc/code/281297"
        }
    ],
    "R": [{
        "id": "1",
        "name": "Robotic Process Automation (RPA)",
        "login": "",
        "passsword": "",
        "url": "https://www.gartner.com/doc/code/379618"
    }],
    "S": [{
            "id": "1",
            "name": "S&OP System of Differentiation",
            "login": "",
            "passsword": "",
            "url": "https://www.gartner.com/doc/code/332362"
        },
        {
            "id": "1",
            "name": "Sales Force Automation",
            "login": "",
            "passsword": "",
            "url": "https://www.gartner.com/doc/code/368698"
        },
        {
            "id": "1",
            "name": "Sales Performance Management",
            "login": "",
            "passsword": "",
            "url": "https://www.gartner.com/doc/code/351463"
        },
        {
            "id": "1",
            "name": "Sales Training Service Providers",
            "login": "",
            "passsword": "",
            "url": ""
        },
        {
            "id": "1",
            "name": "SAP Application Services, Worldwide",
            "login": "",
            "passsword": "",
            "url": "https://www.gartner.com/doc/code/326180"
        },
        {
            "id": "1",
            "name": "SAP S/4HANA Application Services, Worldwide",
            "login": "",
            "passsword": "",
            "url": "https://www.gartner.com/doc/code/407891"
        },
        {
            "id": "1",
            "name": "Scale-Out File System Storage",
            "login": "",
            "passsword": "",
            "url": "https://www.gartner.com/doc/code/378945"
        },
        {
            "id": "1",
            "name": "Secondary Site of Disaster Recovery, Japan",
            "login": "",
            "passsword": "",
            "url": "https://www.gartner.com/doc/code/328794"
        },
        {
            "id": "1",
            "name": "Secure Web Gateways",
            "login": "",
            "passsword": "",
            "url": "https://www.gartner.com/doc/code/380121"
        },
        {
            "id": "1",
            "name": "Security Awareness Computer-Based Training",
            "login": "",
            "passsword": "",
            "url": "https://www.gartner.com/doc/code/378818"
        },
        {
            "id": "1",
            "name": "Security Information and Event Management",
            "login": "",
            "passsword": "",
            "url": "https://www.gartner.com/doc/code/381093"
        },
        {
            "id": "1",
            "name": "Small Cell Equipment",
            "login": "",
            "passsword": "",
            "url": "https://www.gartner.com/doc/code/318653"
        },
        {
            "id": "1",
            "name": "Software Asset Management Managed Services",
            "login": "",
            "passsword": "",
            "url": ""
        },
        {
            "id": "1",
            "name": "Software Asset Management Tools",
            "login": "",
            "passsword": "",
            "url": "https://www.gartner.com/doc/code/360099"
        },
        {
            "id": "1",
            "name": "Software Test Automation",
            "login": "",
            "passsword": "",
            "url": "https://www.gartner.com/doc/code/380229"
        },
        {
            "id": "1",
            "name": "Solid-State Arrays",
            "login": "",
            "passsword": "",
            "url": "https://www.gartner.com/doc/code/281142"
        },
        {
            "id": "1",
            "name": "Strategic Sourcing Application Suites",
            "login": "",
            "passsword": "",
            "url": "https://www.gartner.com/doc/code/%20326180"
        },
        {
            "id": "1",
            "name": "Supply Chain Planning Solutions",
            "login": "",
            "passsword": "",
            "url": ""
        },
        {
            "id": "1",
            "name": "Supply Chain Planning System of Record",
            "login": "",
            "passsword": "",
            "url": "https://www.gartner.com/doc/code/300241"
        }
    ],
    "T": [{
            "id": "1",
            "name": "Talent Management Suites",
            "login": "",
            "passsword": "",
            "url": "https://www.gartner.com/doc/code/290963"
        },

        {
            "id": "1",
            "name": "Third-Party Logistics, Worldwide",
            "login": "",
            "passsword": "",
            "url": "https://www.gartner.com/doc/code/356017"
        },
        {
            "id": "1",
            "name": "Transportation Management Systems",
            "login": "",
            "passsword": "",
            "url": "https://www.gartner.com/doc/code/389814"
        },
        {
            "id": "1",
            "name": "Transportation Management Systems (Asia/Pacific Context)",
            "login": "",
            "passsword": "",
            "url": "https://www.gartner.com/doc/code/451452"
        },
        {
            "id": "1",
            "name": "Transportation Management Systems",
            "login": "",
            "passsword": "",
            "url": "https://www.gartner.com/doc/code/414616"
        }
    ],
    "U": [{
            "id": "1",
            "name": "Unified Communications",
            "login": "",
            "passsword": "",
            "url": "https://www.gartner.com/doc/code/310071"
        },
        {
            "id": "1",
            "name": "Unified Communications as a Service, North America",
            "login": "",
            "passsword": "",
            "url": "https://www.gartner.com/doc/code/354149"
        },
        {
            "id": "1",
            "name": "Unified Communications as a Service, North America",
            "login": "",
            "passsword": "",
            "url": "https://www.gartner.com/doc/code/354845"
        },
        {
            "id": "1",
            "name": "Unified Endpoint Management Tools",
            "login": "",
            "passsword": "https://www.gartner.com/doc/code/369801",
            "url": ""
        },
        {
            "id": "1",
            "name": "Unified Threat Management",
            "login": "",
            "passsword": "",
            "url": "https://www.gartner.com/doc/code/316047"
        },
        {
            "id": "1",
            "name": "Utilities Customer Information Systems",
            "login": "",
            "passsword": "",
            "url": "https://www.gartner.com/doc/code/311255"
        }
    ],
    "V": [{
        "id": "1",
        "name": "Voice of the Customer",
        "login": "",
        "passsword": "",
        "url": ""
    }],
    "W": [{
            "id": "1",
            "name": "WAN Edge Infrastructure (Asia/Pacific Context)",
            "login": "",
            "passsword": "",
            "url": "https://www.gartner.com/doc/code/467067"
        },
        {
            "id": "1",
            "name": "WAN Edge Infrastructure",
            "login": "",
            "passsword": "",
            "url": "https://www.gartner.com/doc/code/381077"
        },
        {
            "id": "1",
            "name": "Warehouse Management Systems",
            "login": "",
            "passsword": "",
            "url": ""
        },
        {
            "id": "1",
            "name": "Web Application Firewalls",
            "login": "",
            "passsword": "",
            "url": "https://www.gartner.com/doc/code/373533"
        },
        {
            "id": "1",
            "name": "Web Content Management",
            "login": "",
            "passsword": "",
            "url": "https://www.gartner.com/doc/code/370166"
        },
        {
            "id": "1",
            "name": "Wired and Wireless LAN Access Infrastructure",
            "login": "",
            "passsword": "",
            "url": "https://www.gartner.com/doc/code/368944"
        },
        {
            "id": "1",
            "name": "Wireline Telecom Services U.S.",
            "login": "",
            "passsword": "",
            "url": "https://www.gartner.com/doc/code/346866"
        },
        {
            "id": "1",
            "name": "Workforce Engagement Management",
            "login": "",
            "passsword": "",
            "url": "https://www.gartner.com/doc/code/386714"
        }
    ]
}