{
    "items": [{
        "link_name": "Solutions",
        "icon": "",
        "href": "https://www.bing.com/ "
    }, {
        "link_name": "insights",
        "icon": "",
        "href": "https://www.yahoo.com/ "
    }, {
        "link_name": "What We Do",
        "icon": "",
        "href": "https://www.bing.com/ ",
        "submenu": [{
                "href": "https://www.bing.com/",
                "text": "Research & Advisory"
            },
            {
                "href": "",
                "text": "Conferences"
            },
            {
                "href": "",
                "text": "Consulting"
            },
            {
                "href": "",
                "text": "Digital Markets"
            },
            {
                "href": "href",
                "text": "Peer Insights"
            }
        ]
    }, {
        "link_name": "Conferences",
        "icon": "",
        "href": "https://www.bing.com/ ",
        "submenu": [{
                "href": "https://www.bing.com/",
                "text": "News alert"
            },
            {
                "href": "href",
                "text": "Alert definitions"
            },
            {
                "href": "href",
                "text": "Triggered alerts"
            },
            {
                "href": "href",
                "text": "Optimizer definitions"
            },
            {
                "href": "href",
                "text": "Reports"
            },
            {
                "href": "href",
                "text": "Alert endpoints"
            }
        ]
    }, {
        "link_name": "Careers",
        "icon": "",
        "href": "https://www.google.com/"
    }]
}