{
    "name": "Menu_Slack",
    "items": [{
            "link_name": "Accueil",
            "icon": "fas fa-home",
            "href": "https://developer.mozilla.org/"
        },
        {
            "link_name": "Mentions et réactions",
            "icon": "far fa-comment-alt",
            "href": "https://developer.mozilla.org/"
        },{
            "link_name": "Eléments enregistrés",
            "icon": "far fa-bookmark",
            "href": "https://developer.mozilla.org/"
        },{
            "link_name": "Personnes",
            "icon": "far fa-address-book",
            "href": "https://developer.mozilla.org/"
        },{
            "link_name": "Favoris",
            "icon": "",
            "href": "https://www.facebook.com/ ",
            "submenu": [{
                "href": "https://www.w.com/",
                "text": "sous-lien 1"
            }, {
                "href": "https://www.bing.com/",
                "text": "sous-lien 2"
            }]
        },{
            "link_name": "Canaux",
            "icon": "",
            "href": "https://www.facebook.com/ ",
            "submenu": [{
                "href": "https://www.w.com/",
                "text": "sous-lien 4"
            }, {
                "href": "https://www.bing.com/",
                "text": "sous-lien 5"
            }]
        },{
            "link_name": "Messages directs",
            "icon": "",
            "href": "https://www.facebook.com/ ",
            "submenu": [{
                "href": "https://www.w.com/",
                "text": "sous-lien 6"
            }, {
                "href": "https://www.bing.com/",
                "text": "sous-lien 7"
            }]
        }
        
    ]
}